Title,Current site URL,Has this been migrated?,Stage Site URL,Migration clean up completed?,Who,Date,,Type,Topic,Product/Service,Industry,Taxonomy added?,Vidyard Embed Codes
Compromise Assessment Overview Video,bZdwTua6Avi13LCWVvRC8U,No,,No,,,,Video,"Compromise Assesment, ",Proactive Assesments,General,No,"<!-- The script tag should live in the head of your page if at all possible -->
<script type=""text/javascript"" async src=""https://play.vidyard.com/embed/v4.js""></script>

<!-- Put this wherever you would like your player to appear -->
<img
  style=""width: 100%; margin: auto; display: block; max-width: 360px;""
  class=""vidyard-player-embed""
  src=""https://play.vidyard.com/bZdwTua6Avi13LCWVvRC8U.jpg""
  data-uuid=""bZdwTua6Avi13LCWVvRC8U""
  data-v=""4""
  data-type=""lightbox""
  data-width=""360""
/>"
Expertise On Demand,nD5RsT67mhZfaE5ykJwEhz,No,,No,,,,Video,Expertise on Demand,Expertise on Demand,General,No,"<!-- The script tag should live in the head of your page if at all possible -->
<script type=""text/javascript"" async src=""https://play.vidyard.com/embed/v4.js""></script>

<!-- Put this wherever you would like your player to appear -->
<img
  style=""width: 100%; margin: auto; display: block; max-width: 360px;""
  class=""vidyard-player-embed""
  src=""https://play.vidyard.com/nD5RsT67mhZfaE5ykJwEhz.jpg""
  data-uuid=""nD5RsT67mhZfaE5ykJwEhz""
  data-v=""4""
  data-type=""lightbox""
  data-width=""360""
/>"
Mandiant Defense Hunting for Threats,FqNqyZR3ysS2Qfqn1UpgQt,No,,No,,,,Video,Managed Threat Hunting,Managed Threat Hunting,General,No,"<!-- The script tag should live in the head of your page if at all possible -->
<script type=""text/javascript"" async src=""https://play.vidyard.com/embed/v4.js""></script>

<!-- Put this wherever you would like your player to appear -->
<img
  style=""width: 100%; margin: auto; display: block; max-width: 360px;""
  class=""vidyard-player-embed""
  src=""https://play.vidyard.com/FqNqyZR3ysS2Qfqn1UpgQt.jpg""
  data-uuid=""FqNqyZR3ysS2Qfqn1UpgQt""
  data-v=""4""
  data-type=""lightbox""
  data-width=""360""
/>"
M-Trends 2020,a9QujWhCaN3KZE6JR2WxhW,No,,No,,,,Video,"M-Trends, APT",,General,No,"<!-- The script tag should live in the head of your page if at all possible -->
<script type=""text/javascript"" async src=""https://play.vidyard.com/embed/v4.js""></script>

<!-- Put this wherever you would like your player to appear -->
<img
  style=""width: 100%; margin: auto; display: block; max-width: 360px;""
  class=""vidyard-player-embed""
  src=""https://play.vidyard.com/a9QujWhCaN3KZE6JR2WxhW.jpg""
  data-uuid=""a9QujWhCaN3KZE6JR2WxhW""
  data-v=""4""
  data-type=""lightbox""
  data-width=""360""
/>"
Penetration Testing,Fu7AQbeohV725pbkeQAWMg,No,,No,,,,Video,Proactive Assesments,Proactive Assesments,General,No,"<!-- The script tag should live in the head of your page if at all possible -->
<script type=""text/javascript"" async src=""https://play.vidyard.com/embed/v4.js""></script>

<!-- Put this wherever you would like your player to appear -->
<img
  style=""width: 100%; margin: auto; display: block; max-width: 360px;""
  class=""vidyard-player-embed""
  src=""https://play.vidyard.com/Fu7AQbeohV725pbkeQAWMg.jpg""
  data-uuid=""Fu7AQbeohV725pbkeQAWMg""
  data-v=""4""
  data-type=""lightbox""
  data-width=""360""
/>"
Purple Team Assessment Overview,UvgPB37PSbKTnK1QTPTZMo,No,,No,,,,Video,Proactive Assesments,Proactive Assesments,General,No,"<!-- The script tag should live in the head of your page if at all possible -->
<script type=""text/javascript"" async src=""https://play.vidyard.com/embed/v4.js""></script>

<!-- Put this wherever you would like your player to appear -->
<img
  style=""width: 100%; margin: auto; display: block; max-width: 360px;""
  class=""vidyard-player-embed""
  src=""https://play.vidyard.com/UvgPB37PSbKTnK1QTPTZMo.jpg""
  data-uuid=""UvgPB37PSbKTnK1QTPTZMo""
  data-v=""4""
  data-type=""lightbox""
  data-width=""360""
/>"
Security Predictions 2021 ,MiVTcYbph5a3vLNqCiNE4J,No,,No,,,,Video,"Threats, Ransomware",,General,No,"<!-- The script tag should live in the head of your page if at all possible -->
<script type=""text/javascript"" async src=""https://play.vidyard.com/embed/v4.js""></script>

<!-- Put this wherever you would like your player to appear -->
<img
  style=""width: 100%; margin: auto; display: block; max-width: 360px;""
  class=""vidyard-player-embed""
  src=""https://play.vidyard.com/MiVTcYbph5a3vLNqCiNE4J.jpg""
  data-uuid=""MiVTcYbph5a3vLNqCiNE4J""
  data-v=""4""
  data-type=""lightbox""
  data-width=""360""
/>"
UNC2452 - What we know so far,fcTCVUCbXWCoHDQ9nY9HuM,No,,No,,,,Video,"UNC2452, SolarWinds",,General,No,"<!-- The script tag should live in the head of your page if at all possible -->
<script type=""text/javascript"" async src=""https://play.vidyard.com/embed/v4.js""></script>

<!-- Put this wherever you would like your player to appear -->
<img
  style=""width: 100%; margin: auto; display: block; max-width: 360px;""
  class=""vidyard-player-embed""
  src=""https://play.vidyard.com/fcTCVUCbXWCoHDQ9nY9HuM.jpg""
  data-uuid=""fcTCVUCbXWCoHDQ9nY9HuM""
  data-v=""4""
  data-type=""lightbox""
  data-width=""360""
/>"
CDS 2019 | Keynote | Sandra Joyce,chyho8mJi2hkhd8jtgzFdg,No,,No,,,,Video,"CDS, Threat Intelligence",,General,No,"<!-- The script tag should live in the head of your page if at all possible -->
<script type=""text/javascript"" async src=""https://play.vidyard.com/embed/v4.js""></script>

<!-- Put this wherever you would like your player to appear -->
<img
  style=""width: 100%; margin: auto; display: block; max-width: 360px;""
  class=""vidyard-player-embed""
  src=""https://play.vidyard.com/chyho8mJi2hkhd8jtgzFdg.jpg""
  data-uuid=""chyho8mJi2hkhd8jtgzFdg""
  data-v=""4""
  data-type=""lightbox""
  data-width=""360""
/>"
Executive Intelligence Briefing (11 May),rp8YUGoNfbZaDxWKYVZSg8,No,,No,,,,Video,Intelligence Briefings,,General,No,"<!-- The script tag should live in the head of your page if at all possible -->
<script type=""text/javascript"" async src=""https://play.vidyard.com/embed/v4.js""></script>

<!-- Put this wherever you would like your player to appear -->
<img
  style=""width: 100%; margin: auto; display: block; max-width: 360px;""
  class=""vidyard-player-embed""
  src=""https://play.vidyard.com/rp8YUGoNfbZaDxWKYVZSg8.jpg""
  data-uuid=""rp8YUGoNfbZaDxWKYVZSg8""
  data-v=""4""
  data-type=""lightbox""
  data-width=""360""
/>"
Executive Intelligence Briefing (Apr. 13),uMmZtwWQDfp3dLSBgk7FW9,No,,No,,,,Video,Intelligence Briefings,,General,No,"<!-- The script tag should live in the head of your page if at all possible -->
<script type=""text/javascript"" async src=""https://play.vidyard.com/embed/v4.js""></script>

<!-- Put this wherever you would like your player to appear -->
<img
  style=""width: 100%; margin: auto; display: block; max-width: 360px;""
  class=""vidyard-player-embed""
  src=""https://play.vidyard.com/uMmZtwWQDfp3dLSBgk7FW9.jpg""
  data-uuid=""uMmZtwWQDfp3dLSBgk7FW9""
  data-v=""4""
  data-type=""lightbox""
  data-width=""360""
/>"
Executive Intelligence Briefing (Apr. 27),xhxKUPbdTFicnUB1zDaziV,No,,No,,,,Video,Intelligence Briefings,,General,No,"<!-- The script tag should live in the head of your page if at all possible -->
<script type=""text/javascript"" async src=""https://play.vidyard.com/embed/v4.js""></script>

<!-- Put this wherever you would like your player to appear -->
<img
  style=""width: 100%; margin: auto; display: block; max-width: 360px;""
  class=""vidyard-player-embed""
  src=""https://play.vidyard.com/xhxKUPbdTFicnUB1zDaziV.jpg""
  data-uuid=""xhxKUPbdTFicnUB1zDaziV""
  data-v=""4""
  data-type=""lightbox""
  data-width=""360""
/>"
"Executive Intelligence Briefing (Apr. 6, 2021)",21t2y7nV7fyuFnRhnUQHpu,No,,No,,,,Video,Intelligence Briefings,,General,No,"<!-- The script tag should live in the head of your page if at all possible -->
<script type=""text/javascript"" async src=""https://play.vidyard.com/embed/v4.js""></script>

<!-- Put this wherever you would like your player to appear -->
<img
  style=""width: 100%; margin: auto; display: block; max-width: 360px;""
  class=""vidyard-player-embed""
  src=""https://play.vidyard.com/21t2y7nV7fyuFnRhnUQHpu.jpg""
  data-uuid=""21t2y7nV7fyuFnRhnUQHpu""
  data-v=""4""
  data-type=""lightbox""
  data-width=""360""
/>"
Executive Intelligence Briefing (April 20),HyJsPeZoofxwU3QceDC1Hx,No,,No,,,,Video,Intelligence Briefings,,General,No,"<!-- The script tag should live in the head of your page if at all possible -->
<script type=""text/javascript"" async src=""https://play.vidyard.com/embed/v4.js""></script>

<!-- Put this wherever you would like your player to appear -->
<img
  style=""width: 100%; margin: auto; display: block; max-width: 360px;""
  class=""vidyard-player-embed""
  src=""https://play.vidyard.com/HyJsPeZoofxwU3QceDC1Hx.jpg""
  data-uuid=""HyJsPeZoofxwU3QceDC1Hx""
  data-v=""4""
  data-type=""lightbox""
  data-width=""360""
/>"
"Executive Intelligence Briefing (Feb. 23, 2021)",aXGSDjeJa2AJHxwXkJWetw,No,,No,,,,Video,Intelligence Briefings,,General,No,"<!-- The script tag should live in the head of your page if at all possible -->
<script type=""text/javascript"" async src=""https://play.vidyard.com/embed/v4.js""></script>

<!-- Put this wherever you would like your player to appear -->
<img
  style=""width: 100%; margin: auto; display: block; max-width: 360px;""
  class=""vidyard-player-embed""
  src=""https://play.vidyard.com/aXGSDjeJa2AJHxwXkJWetw.jpg""
  data-uuid=""aXGSDjeJa2AJHxwXkJWetw""
  data-v=""4""
  data-type=""lightbox""
  data-width=""360""
/>"
"Executive Intelligence Briefing (Feb. 9, 2021)",i7WSkNebEweT2w3aCM3ZSA,No,,No,,,,Video,Intelligence Briefings,,General,No,"<!-- The script tag should live in the head of your page if at all possible -->
<script type=""text/javascript"" async src=""https://play.vidyard.com/embed/v4.js""></script>

<!-- Put this wherever you would like your player to appear -->
<img
  style=""width: 100%; margin: auto; display: block; max-width: 360px;""
  class=""vidyard-player-embed""
  src=""https://play.vidyard.com/i7WSkNebEweT2w3aCM3ZSA.jpg""
  data-uuid=""i7WSkNebEweT2w3aCM3ZSA""
  data-v=""4""
  data-type=""lightbox""
  data-width=""360""
/>"
"Executive Intelligence Briefing (February 16, 2021)",k9LW6WAuepwma7gb8vDeGf,No,,No,,,,Video,Intelligence Briefings,,General,No,"<!-- The script tag should live in the head of your page if at all possible -->
<script type=""text/javascript"" async src=""https://play.vidyard.com/embed/v4.js""></script>

<!-- Put this wherever you would like your player to appear -->
<img
  style=""width: 100%; margin: auto; display: block; max-width: 360px;""
  class=""vidyard-player-embed""
  src=""https://play.vidyard.com/k9LW6WAuepwma7gb8vDeGf.jpg""
  data-uuid=""k9LW6WAuepwma7gb8vDeGf""
  data-v=""4""
  data-type=""lightbox""
  data-width=""360""
/>"
Executive Intelligence Briefing (February 2),PWA1cq5CLZqq4JmABe4vR2,No,,No,,,,Video,Intelligence Briefings,,General,No,"<!-- The script tag should live in the head of your page if at all possible -->
<script type=""text/javascript"" async src=""https://play.vidyard.com/embed/v4.js""></script>

<!-- Put this wherever you would like your player to appear -->
<img
  style=""width: 100%; margin: auto; display: block; max-width: 360px;""
  class=""vidyard-player-embed""
  src=""https://play.vidyard.com/PWA1cq5CLZqq4JmABe4vR2.jpg""
  data-uuid=""PWA1cq5CLZqq4JmABe4vR2""
  data-v=""4""
  data-type=""lightbox""
  data-width=""360""
/>"
"Executive Intelligence Briefing (Jan. 19, 2021)",R4vddsFj2vkHVtXjMGNx64,No,,No,,,,Video,Intelligence Briefings,,General,No,"<!-- The script tag should live in the head of your page if at all possible -->
<script type=""text/javascript"" async src=""https://play.vidyard.com/embed/v4.js""></script>

<!-- Put this wherever you would like your player to appear -->
<img
  style=""width: 100%; margin: auto; display: block; max-width: 360px;""
  class=""vidyard-player-embed""
  src=""https://play.vidyard.com/R4vddsFj2vkHVtXjMGNx64.jpg""
  data-uuid=""R4vddsFj2vkHVtXjMGNx64""
  data-v=""4""
  data-type=""lightbox""
  data-width=""360""
/>"
Executive Intelligence Briefing (Jan. 26),GkDhUfFw9jgiCbcugLhUUf,No,,No,,,,Video,Intelligence Briefings,,General,No,"<!-- The script tag should live in the head of your page if at all possible -->
<script type=""text/javascript"" async src=""https://play.vidyard.com/embed/v4.js""></script>

<!-- Put this wherever you would like your player to appear -->
<img
  style=""width: 100%; margin: auto; display: block; max-width: 360px;""
  class=""vidyard-player-embed""
  src=""https://play.vidyard.com/GkDhUfFw9jgiCbcugLhUUf.jpg""
  data-uuid=""GkDhUfFw9jgiCbcugLhUUf""
  data-v=""4""
  data-type=""lightbox""
  data-width=""360""
/>"
"Executive Intelligence Briefing (January 12, 2021)",MsBuGhR86ksvEZEE4S5VZi,No,,No,,,,Video,Intelligence Briefings,,General,No,"<!-- The script tag should live in the head of your page if at all possible -->
<script type=""text/javascript"" async src=""https://play.vidyard.com/embed/v4.js""></script>

<!-- Put this wherever you would like your player to appear -->
<img
  style=""width: 100%; margin: auto; display: block; max-width: 360px;""
  class=""vidyard-player-embed""
  src=""https://play.vidyard.com/MsBuGhR86ksvEZEE4S5VZi.jpg""
  data-uuid=""MsBuGhR86ksvEZEE4S5VZi""
  data-v=""4""
  data-type=""lightbox""
  data-width=""360""
/>"
Executive Intelligence Briefing (Mar. 16),7fEyrMdqNaPYZJ8YPQD3HL,No,,No,,,,Video,Intelligence Briefings,,General,No,"<!-- The script tag should live in the head of your page if at all possible -->
<script type=""text/javascript"" async src=""https://play.vidyard.com/embed/v4.js""></script>

<!-- Put this wherever you would like your player to appear -->
<img
  style=""width: 100%; margin: auto; display: block; max-width: 360px;""
  class=""vidyard-player-embed""
  src=""https://play.vidyard.com/7fEyrMdqNaPYZJ8YPQD3HL.jpg""
  data-uuid=""7fEyrMdqNaPYZJ8YPQD3HL""
  data-v=""4""
  data-type=""lightbox""
  data-width=""360""
/>"
Executive Intelligence Briefing (Mar. 30),42T7U1vxckGedpHhyJgNUH,No,,No,,,,Video,Intelligence Briefings,,General,No,"<!-- The script tag should live in the head of your page if at all possible -->
<script type=""text/javascript"" async src=""https://play.vidyard.com/embed/v4.js""></script>

<!-- Put this wherever you would like your player to appear -->
<img
  style=""width: 100%; margin: auto; display: block; max-width: 360px;""
  class=""vidyard-player-embed""
  src=""https://play.vidyard.com/42T7U1vxckGedpHhyJgNUH.jpg""
  data-uuid=""42T7U1vxckGedpHhyJgNUH""
  data-v=""4""
  data-type=""lightbox""
  data-width=""360""
/>"
"Executive Intelligence Briefing (March 02, 2021)",upfyKNFmVC3G3gpjmwhbAp,No,,No,,,,Video,Intelligence Briefings,,General,No,"<!-- The script tag should live in the head of your page if at all possible -->
<script type=""text/javascript"" async src=""https://play.vidyard.com/embed/v4.js""></script>

<!-- Put this wherever you would like your player to appear -->
<img
  style=""width: 100%; margin: auto; display: block; max-width: 360px;""
  class=""vidyard-player-embed""
  src=""https://play.vidyard.com/upfyKNFmVC3G3gpjmwhbAp.jpg""
  data-uuid=""upfyKNFmVC3G3gpjmwhbAp""
  data-v=""4""
  data-type=""lightbox""
  data-width=""360""
/>"
Executive Intelligence Briefing (March 23),NvSuoK59KCcctc1gQxpDGr,No,,No,,,,Video,Intelligence Briefings,,General,No,"<!-- The script tag should live in the head of your page if at all possible -->
<script type=""text/javascript"" async src=""https://play.vidyard.com/embed/v4.js""></script>

<!-- Put this wherever you would like your player to appear -->
<img
  style=""width: 100%; margin: auto; display: block; max-width: 360px;""
  class=""vidyard-player-embed""
  src=""https://play.vidyard.com/NvSuoK59KCcctc1gQxpDGr.jpg""
  data-uuid=""NvSuoK59KCcctc1gQxpDGr""
  data-v=""4""
  data-type=""lightbox""
  data-width=""360""
/>"
Executive Intelligence Briefing (May 18),N7TGzDxjHWcr79JTSG9eis,No,,No,,,,Video,Intelligence Briefings,,General,No,"<!-- The script tag should live in the head of your page if at all possible -->
<script type=""text/javascript"" async src=""https://play.vidyard.com/embed/v4.js""></script>

<!-- Put this wherever you would like your player to appear -->
<img
  style=""width: 100%; margin: auto; display: block; max-width: 360px;""
  class=""vidyard-player-embed""
  src=""https://play.vidyard.com/N7TGzDxjHWcr79JTSG9eis.jpg""
  data-uuid=""N7TGzDxjHWcr79JTSG9eis""
  data-v=""4""
  data-type=""lightbox""
  data-width=""360""
/>"
Executive Intelligence Briefing (May 4),thjxdfD5EFaZh6Q6W12QVx,No,,No,,,,Video,Intelligence Briefings,,General,No,"<!-- The script tag should live in the head of your page if at all possible -->
<script type=""text/javascript"" async src=""https://play.vidyard.com/embed/v4.js""></script>

<!-- Put this wherever you would like your player to appear -->
<img
  style=""width: 100%; margin: auto; display: block; max-width: 360px;""
  class=""vidyard-player-embed""
  src=""https://play.vidyard.com/thjxdfD5EFaZh6Q6W12QVx.jpg""
  data-uuid=""thjxdfD5EFaZh6Q6W12QVx""
  data-v=""4""
  data-type=""lightbox""
  data-width=""360""
/>"
Learnings from the Frontlines - Ransomware Series,7HyPHbrXUbyA3mSKUSeBMu,No,,No,,,,Video,"Ransomware, Incident Response",,General,No,"<!-- The script tag should live in the head of your page if at all possible -->
<script type=""text/javascript"" async src=""https://play.vidyard.com/embed/v4.js""></script>

<!-- Put this wherever you would like your player to appear -->
<img
  style=""width: 100%; margin: auto; display: block; max-width: 360px;""
  class=""vidyard-player-embed""
  src=""https://play.vidyard.com/7HyPHbrXUbyA3mSKUSeBMu.jpg""
  data-uuid=""7HyPHbrXUbyA3mSKUSeBMu""
  data-v=""4""
  data-type=""lightbox""
  data-width=""360""
/>"
Mandiant Executive Intelligence Briefings,JP7iE9CiUs5b5KvwpQgjdk,No,,No,,,,Video,Intelligence Briefings,,General,No,"<!-- The script tag should live in the head of your page if at all possible -->
<script type=""text/javascript"" async src=""https://play.vidyard.com/embed/v4.js""></script>

<!-- Put this wherever you would like your player to appear -->
<img
  style=""width: 100%; margin: auto; display: block; max-width: 360px;""
  class=""vidyard-player-embed""
  src=""https://play.vidyard.com/JP7iE9CiUs5b5KvwpQgjdk.jpg""
  data-uuid=""JP7iE9CiUs5b5KvwpQgjdk""
  data-v=""4""
  data-type=""lightbox""
  data-width=""360""
/>"
Ransomware Intrusion Activity Trends,NBuJRDqVQEEBAQ4GBkrKeb,No,,No,,,,Video,"Ransomware, Trends",,General,No,"<!-- The script tag should live in the head of your page if at all possible -->
<script type=""text/javascript"" async src=""https://play.vidyard.com/embed/v4.js""></script>

<!-- Put this wherever you would like your player to appear -->
<img
  style=""width: 100%; margin: auto; display: block; max-width: 360px;""
  class=""vidyard-player-embed""
  src=""https://play.vidyard.com/NBuJRDqVQEEBAQ4GBkrKeb.jpg""
  data-uuid=""NBuJRDqVQEEBAQ4GBkrKeb""
  data-v=""4""
  data-type=""lightbox""
  data-width=""360""
/>"
Security_Validation_BrightTalk_promo,sR5ymonFBPBXkMRgbwQfSq,No,,No,,,,Video,"Security Validation, Security Strategy",,General,No,"<!-- The script tag should live in the head of your page if at all possible -->
<script type=""text/javascript"" async src=""https://play.vidyard.com/embed/v4.js""></script>

<!-- Put this wherever you would like your player to appear -->
<img
  style=""width: 100%; margin: auto; display: block; max-width: 360px;""
  class=""vidyard-player-embed""
  src=""https://play.vidyard.com/sR5ymonFBPBXkMRgbwQfSq.jpg""
  data-uuid=""sR5ymonFBPBXkMRgbwQfSq""
  data-v=""4""
  data-type=""lightbox""
  data-width=""360""
/>"
The Evolution of Ransomware,KrF4X4daFXCsEhUwV3mrVm,No,,No,,,,Video,"Ransomware, Trends",,General,No,"<!-- The script tag should live in the head of your page if at all possible -->
<script type=""text/javascript"" async src=""https://play.vidyard.com/embed/v4.js""></script>

<!-- Put this wherever you would like your player to appear -->
<img
  style=""width: 100%; margin: auto; display: block; max-width: 360px;""
  class=""vidyard-player-embed""
  src=""https://play.vidyard.com/KrF4X4daFXCsEhUwV3mrVm.jpg""
  data-uuid=""KrF4X4daFXCsEhUwV3mrVm""
  data-v=""4""
  data-type=""lightbox""
  data-width=""360""
/>"
Breach and Attack Simulation,KbDZTiqzJvFHbzTsn4i3rA,No,,No,,,,Video,"Breach and Attack Simulation, Security Validation",Security Validation,General,No,"<!-- The script tag should live in the head of your page if at all possible -->
<script type=""text/javascript"" async src=""https://play.vidyard.com/embed/v4.js""></script>

<!-- Put this wherever you would like your player to appear -->
<img
  style=""width: 100%; margin: auto; display: block;""
  class=""vidyard-player-embed""
  src=""https://play.vidyard.com/KbDZTiqzJvFHbzTsn4i3rA.jpg""
  data-uuid=""KbDZTiqzJvFHbzTsn4i3rA""
  data-v=""4""
  data-type=""inline""
/>"
FIN11 Discovery Timeline,YaoW27YBWgnoJKYpQL7Ufx,No,,No,,,,Video,"FIN11, Threat Actors",,General,No,"<!-- The script tag should live in the head of your page if at all possible -->
<script type=""text/javascript"" async src=""https://play.vidyard.com/embed/v4.js""></script>

<!-- Put this wherever you would like your player to appear -->
<img
  style=""width: 100%; margin: auto; display: block;""
  class=""vidyard-player-embed""
  src=""https://play.vidyard.com/YaoW27YBWgnoJKYpQL7Ufx.jpg""
  data-uuid=""YaoW27YBWgnoJKYpQL7Ufx""
  data-v=""4""
  data-type=""inline""
/>"
Mandiant Advantage Customer Overview,sQyCo8Z5UYDoV89wSbufkg,No,,No,,,,Video,Mandiant Advantage,,General,No,"<!-- The script tag should live in the head of your page if at all possible -->
<script type=""text/javascript"" async src=""https://play.vidyard.com/embed/v4.js""></script>

<!-- Put this wherever you would like your player to appear -->
<img
  style=""width: 100%; margin: auto; display: block;""
  class=""vidyard-player-embed""
  src=""https://play.vidyard.com/sQyCo8Z5UYDoV89wSbufkg.jpg""
  data-uuid=""sQyCo8Z5UYDoV89wSbufkg""
  data-v=""4""
  data-type=""inline""
/>"
Mandiant Advantage Platform,R2sELpkXtCb4FXdgCNZqRg,No,,No,,,,Video,Mandiant Advantage,,General,No,"<!-- The script tag should live in the head of your page if at all possible -->
<script type=""text/javascript"" async src=""https://play.vidyard.com/embed/v4.js""></script>

<!-- Put this wherever you would like your player to appear -->
<img
  style=""width: 100%; margin: auto; display: block;""
  class=""vidyard-player-embed""
  src=""https://play.vidyard.com/R2sELpkXtCb4FXdgCNZqRg.jpg""
  data-uuid=""R2sELpkXtCb4FXdgCNZqRg""
  data-v=""4""
  data-type=""inline""
/>"
Mandiant Advantage Product Walkthrough,Zyhuc54nLxDXMdgEd3sGHo,No,,No,,,,Video,Mandiant Advantage,,General,No,"<!-- The script tag should live in the head of your page if at all possible -->
<script type=""text/javascript"" async src=""https://play.vidyard.com/embed/v4.js""></script>

<!-- Put this wherever you would like your player to appear -->
<img
  style=""width: 100%; margin: auto; display: block;""
  class=""vidyard-player-embed""
  src=""https://play.vidyard.com/Zyhuc54nLxDXMdgEd3sGHo.jpg""
  data-uuid=""Zyhuc54nLxDXMdgEd3sGHo""
  data-v=""4""
  data-type=""inline""
/>"
Mandiant Advantage Threat Intelligence,ubJz64Ype1uJpL1rgqrcQy,No,,No,,,,Video,"Mandiant Advantage, Threat Intelligence",Threat Intelligence,General,No,"<!-- The script tag should live in the head of your page if at all possible -->
<script type=""text/javascript"" async src=""https://play.vidyard.com/embed/v4.js""></script>

<!-- Put this wherever you would like your player to appear -->
<img
  style=""width: 100%; margin: auto; display: block;""
  class=""vidyard-player-embed""
  src=""https://play.vidyard.com/ubJz64Ype1uJpL1rgqrcQy.jpg""
  data-uuid=""ubJz64Ype1uJpL1rgqrcQy""
  data-v=""4""
  data-type=""inline""
/>"
Mandiant Intel Grid,QFAZ3sahgkYtvtyHPBXg3P,No,,No,,,,Video,"Mandiant Advantage, Threat Intelligence, Intel Grid",,General,No,"<!-- The script tag should live in the head of your page if at all possible -->
<script type=""text/javascript"" async src=""https://play.vidyard.com/embed/v4.js""></script>

<!-- Put this wherever you would like your player to appear -->
<img
  style=""width: 100%; margin: auto; display: block;""
  class=""vidyard-player-embed""
  src=""https://play.vidyard.com/QFAZ3sahgkYtvtyHPBXg3P.jpg""
  data-uuid=""QFAZ3sahgkYtvtyHPBXg3P""
  data-v=""4""
  data-type=""inline""
/>"
Mandiant Overview,YvCxckATnvtXFjUCKQw4Et,No,,No,,,,Video,"Mandiant, Security Strategy",,General,No,"<!-- The script tag should live in the head of your page if at all possible -->
<script type=""text/javascript"" async src=""https://play.vidyard.com/embed/v4.js""></script>

<!-- Put this wherever you would like your player to appear -->
<img
  style=""width: 100%; margin: auto; display: block;""
  class=""vidyard-player-embed""
  src=""https://play.vidyard.com/YvCxckATnvtXFjUCKQw4Et.jpg""
  data-uuid=""YvCxckATnvtXFjUCKQw4Et""
  data-v=""4""
  data-type=""inline""
/>"
Maximize the Value of SOAR with Automated Alert Triage,QxvXwxgLaCu1J1ZkTsVyXy,No,,No,,,,Video,"SOAR, Automated Defense",Automated Defense,General,No,"<!-- The script tag should live in the head of your page if at all possible -->
<script type=""text/javascript"" async src=""https://play.vidyard.com/embed/v4.js""></script>

<!-- Put this wherever you would like your player to appear -->
<img
  style=""width: 100%; margin: auto; display: block;""
  class=""vidyard-player-embed""
  src=""https://play.vidyard.com/QxvXwxgLaCu1J1ZkTsVyXy.jpg""
  data-uuid=""QxvXwxgLaCu1J1ZkTsVyXy""
  data-v=""4""
  data-type=""inline""
/>"
M-Trends 2021 ,vzNieKvRGcBQdxANLnFRhD,No,,No,,,,Video,"M-Trends, Threat Intelligence",,,No,"<!-- The script tag should live in the head of your page if at all possible -->
<script type=""text/javascript"" async src=""https://play.vidyard.com/embed/v4.js""></script>

<!-- Put this wherever you would like your player to appear -->
<img
  style=""width: 100%; margin: auto; display: block;""
  class=""vidyard-player-embed""
  src=""https://play.vidyard.com/ vzNieKvRGcBQdxANLnFRhD.jpg""
  data-uuid="" vzNieKvRGcBQdxANLnFRhD""
  data-v=""4""
  data-type=""inline""
/>"
Rationalization,hxBR63qPxeMfbr16d2c2G8,No,,No,,,,Video,"Rationalization, Security Strategy",Security Validation,General,No,"<!-- The script tag should live in the head of your page if at all possible -->
<script type=""text/javascript"" async src=""https://play.vidyard.com/embed/v4.js""></script>

<!-- Put this wherever you would like your player to appear -->
<img
  style=""width: 100%; margin: auto; display: block;""
  class=""vidyard-player-embed""
  src=""https://play.vidyard.com/XRc9jrWjgzHW4iF2iSmfNw.jpg""
  data-uuid=""XRc9jrWjgzHW4iF2iSmfNw""
  data-v=""4""
  data-type=""inline""
/>"
Security Predictions 2021 - General Earl Matthews,YCiWVqp2A2F3a9jgA4Kxi9,No,,No,,,,Video,"Predictions, Security Strategy",,,No,"<!-- The script tag should live in the head of your page if at all possible -->
<script type=""text/javascript"" async src=""https://play.vidyard.com/embed/v4.js""></script>

<!-- Put this wherever you would like your player to appear -->
<img
  style=""width: 100%; margin: auto; display: block;""
  class=""vidyard-player-embed""
  src=""https://play.vidyard.com/ YCiWVqp2A2F3a9jgA4Kxi9.jpg""
  data-uuid="" YCiWVqp2A2F3a9jgA4Kxi9""
  data-v=""4""
  data-type=""inline""
/>"
Security Predictions 2021 - Sandra Joyce,UcF2tkNrUwFKVjSjbQbyWC,No,,No,,,,Video,"Predictions, Threat Intelligence",,,No,"<!-- The script tag should live in the head of your page if at all possible -->
<script type=""text/javascript"" async src=""https://play.vidyard.com/embed/v4.js""></script>

<!-- Put this wherever you would like your player to appear -->
<img
  style=""width: 100%; margin: auto; display: block;""
  class=""vidyard-player-embed""
  src=""https://play.vidyard.com/ UcF2tkNrUwFKVjSjbQbyWC.jpg""
  data-uuid="" UcF2tkNrUwFKVjSjbQbyWC""
  data-v=""4""
  data-type=""inline""
/>"
"Customer Story Bureau of Customs, Philippines",hxBR63qPxeMfbr16d2c2G8,No,,No,,,,Video,"Data Privacy, Skills Gap",Managed Defense,Government,No,"<!-- The script tag should live in the head of your page if at all possible -->
<script type=""text/javascript"" async src=""https://play.vidyard.com/embed/v4.js""></script>

<!-- Put this wherever you would like your player to appear -->
<img
  style=""width: 100%; margin: auto; display: block;""
  class=""vidyard-player-embed""
  src=""https://play.vidyard.com/hxBR63qPxeMfbr16d2c2G8.jpg""
  data-uuid=""hxBR63qPxeMfbr16d2c2G8""
  data-v=""4""
  data-type=""inline""
/>"
Mandiant Automated Defense,xSATcxVY32HB2nPhCnqqba,No,,No,,,,Video,"SOC, Automated Defense",Automated Defense,General,No,"<!-- The script tag should live in the head of your page if at all possible -->
<script type=""text/javascript"" async src=""https://play.vidyard.com/embed/v4.js""></script>

<!-- Put this wherever you would like your player to appear -->
<img
  style=""width: 100%; margin: auto; display: block;""
  class=""vidyard-player-embed""
  src=""https://play.vidyard.com/xSATcxVY32HB2nPhCnqqba.jpg""
  data-uuid=""xSATcxVY32HB2nPhCnqqba""
  data-v=""4""
  data-type=""inline""
/>"
